Episodes,Average_Speed
1,43.57810469193532
2,40.900314416734446
3,42.107475968211475
4,44.68178639840292
5,43.98511598029994
6,38.345444240247176
7,42.25017683505118
8,40.097285583404606
9,40.24356229641289
10,41.32119700387675
11,40.838087142321754
12,43.50854701392595
13,42.17207545029399
14,40.94335003298566
15,41.63772646549085
16,41.467348654748534
17,43.838158146315216
18,40.4896834724684
19,41.576135403301805
20,39.29180852139655
21,35.94402036833184
22,42.40723719088072
23,42.87887239771901
24,39.71566995918712
25,45.78950924797522
26,38.391268650802466
27,41.441517034602896
28,41.025632299948334
29,44.515558428716915
30,44.43871753980057
31,41.85989485139383
32,42.35632503920435
33,39.874428504739775
34,37.738407063552145
35,41.054175701347695
36,42.11269793820796
37,44.31058136145544
38,44.30475969756882
39,41.1753463651841
40,41.39539449884933
41,39.95289406986581
42,39.25996412564205
43,38.73745961874997
44,46.101550790463584
45,41.23069563649669
46,41.42385139677762
47,39.84440927990015
48,43.95498071166382
49,39.2222043048841
50,42.074519439572065
51,40.759066877612646
52,43.37380499571852
53,41.62838972486225
54,40.33873563175518
55,42.69363554332269
56,43.65666374106083
57,42.98303444476634
58,43.50494379547956
59,41.681355812638074
60,42.27451766802572
61,41.705079104448096
62,42.380893676918916
63,41.52370743591109
64,39.74743479533665
65,43.60485228450751
66,42.496438127583474
67,40.089603306067914
68,44.325564511051546
69,41.63540327123352
70,43.60389079159228
71,45.00818112435507
72,43.857965821514824
73,45.9288013690866
74,41.2303483592927
75,44.5546832823551
76,42.43037981811937
77,42.10840570163624
78,42.74230067047117
79,43.32689493574526
80,44.112330684459494
81,41.71970031843328
82,45.90165297390838
83,45.081324879460915
84,41.127512627445554
85,47.2265043875912
86,48.09177835206116
87,46.707559142319305
88,44.0401503283753
89,42.30849475697892
90,46.608903453862276
91,43.74364610605364
92,47.044890140764856
93,45.06654995615372
94,46.65327807296743
95,45.4627327943488
96,46.21314633638389
97,44.87100004144164
98,48.47174098781167
99,45.20382418540724
100,45.803978726889405
101,48.81630139411251
102,42.40448187771511
103,42.60903000302853
104,47.13879341631603
105,42.90375318977168
106,49.18724237129858
107,44.52276203848051
108,43.90509037711848
109,49.29588405296077
110,48.461029582868846
111,49.28511792085314
112,47.41208931655077
113,43.927548629890595
114,49.52012990619807
115,45.21399325809724
116,47.404912791592785
117,47.7445039355475
118,45.58997981381833
119,47.17815874069216
120,47.844413343133056
121,46.802851062311255
122,43.90119841883161
123,46.74647634841211
124,48.85277179337406
125,44.86086428053727
126,46.000730919344655
127,45.47969289655673
128,50.098527456958685
129,47.79458951402487
130,47.31492367248222
131,45.010167851109365
132,47.67849838258363
133,45.301334678685244
134,46.763661116548704
135,45.47830784324224
136,48.152866589892994
137,48.003181633229886
138,46.48340248884401
139,47.74201342532329
140,44.813876982538986
141,44.06748481458879
142,47.978783402529075
143,47.483346990745055
144,48.470062873784215
145,52.01628954972789
146,49.188958973980824
147,45.52435554911168
148,49.63403257619171
149,44.81818517897696
150,46.57683079037058
151,47.41351678935074
152,51.02668544329873
153,46.16049035590312
154,46.04712292268197
155,47.553094951149134
156,46.47304342727578
157,50.10327184421301
158,45.74013698327315
159,45.6550626951778
160,47.12435991051113
161,47.05393509861539
162,51.95906410763397
163,50.04884161385152
164,48.37510248277039
165,45.799128962339665
166,49.988725952803094
167,46.349569305220875
168,45.310457806444774
169,50.82605958470461
170,49.1338852238497
171,50.391717647561634
172,49.237455305886044
173,50.36366122380538
174,47.39794881339971
175,46.68151431643107
176,50.16318903656325
177,47.24318067165232
178,47.520900444499595
179,48.038934992965316
180,49.034958318050116
181,48.34201217749303
182,46.350097413163965
183,47.86276319433422
184,44.75319369555115
185,50.50046290205437
186,46.095884688786505
187,47.1412333211431
188,49.504330158521945
189,47.970874007217375
190,52.58602919081347
191,46.9642861805531
192,50.13410173869837
193,49.57143436354501
194,47.36381300451761
195,50.796553321063506
196,49.4569073375555
197,51.39358110242733
198,51.54700830792746
199,54.27647189856138
200,52.67305589887278
201,49.31163632411511
202,49.62124164484815
203,52.34931919177423
204,51.5105274614452
205,51.53026305219518
206,47.066087911378325
207,50.30134775120213
208,48.923938181588625
209,51.00984919808648
210,50.30369922071409
211,52.370357816185184
212,51.23443643038261
213,52.22265592421795
214,49.767161806528115
215,48.8611074881635
216,49.9799006135949
217,50.81595917227712
218,51.65830347111016
219,55.468617901381705
220,50.915485696678715
221,49.138109999014446
222,50.40803644860123
223,50.22280805070781
224,52.16296294754693
225,48.16840597111075
226,51.42652398840066
227,51.66301307593075
228,51.86436207240055
229,50.25536786206928
230,51.02415654052798
231,48.70187818203493
232,50.613360233275614
233,50.56427704796656
234,52.53210009252285
235,49.43763513635618
236,53.36239620341998
237,54.838969088982736
238,47.76002994997293
239,52.80251746155621
240,53.35381607006049
241,50.775125948895536
242,51.30545637134241
243,51.884238844826086
244,51.60441824119655
245,51.63197406190576
246,48.947992387340044
247,54.654663129566245
248,54.55923718407364
249,50.8232714815916
250,49.56715134439497
251,53.592129752905514
252,51.44842406037387
253,52.933906326641555
254,52.061343165709815
255,54.133077502140374
256,54.189498287312006
257,51.398805243072836
258,50.13327208920989
259,49.78412320532984
260,54.22075875821441
261,50.67228148443194
262,52.086367291402624
263,51.95737192309898
264,53.09486540746091
265,49.37744038830699
266,53.67755719358765
267,54.397782047668414
268,53.576844174089324
269,52.82822765660306
270,53.69480033253757
271,54.34809269128026
272,48.0548144871467
273,57.56182461650139
274,54.48018664537586
275,52.44518283522596
276,53.0180932496248
277,54.83748355469838
278,53.667792121931264
279,49.888631064437014
280,58.12898572271864
281,53.82891868553505
282,56.1403454234316
283,52.76590030443121
284,57.2727541084916
285,54.82268737778456
286,55.5176876689509
287,52.25949326770609
288,56.8222905793654
289,55.82963632906958
290,57.103692459129995
291,53.29382488071684
292,53.63794576307843
293,59.25783339536788
294,52.57996835455691
295,54.47810059864336
296,57.07378272520539
297,55.045449935429716
298,56.06590735950659
299,54.15110194147425
300,55.740111775695034
301,52.436946296529364
302,58.41626135923638
303,54.91367190974286
304,53.839643592006304
305,56.58276616406383
306,54.378560425222894
307,52.6814830571945
308,52.706564988404885
309,56.837546305380265
310,55.180853123707465
311,55.28259688066312
312,57.755487611952525
313,53.39634838248651
314,54.23864449427035
315,54.98024038163745
316,55.98870317863415
317,55.765657097418845
318,55.32622561522018
319,55.82674719580871
320,55.78538944741765
321,54.61079122289641
322,54.47401402289184
323,56.699032715447885
324,54.41816983400895
325,53.93528948161829
326,55.67541549774861
327,56.03466596767237
328,60.91344699459643
329,55.04059944828754
330,58.38652144993899
331,58.044376668409264
332,54.222110089592526
333,58.196505954805204
334,54.332238719613365
335,51.431655524006516
336,58.01263904871876
337,53.338218833124564
338,57.801868923611835
339,55.58197820452557
340,60.319101592379745
341,59.18701879863202
342,56.19322839229723
343,55.77432477794264
344,54.771845193811764
345,56.36815473541482
346,56.73928900963098
347,56.62061291121663
348,57.713407710544736
349,58.60704299545776
350,58.19930891398635
351,56.02171215218711
352,54.724417052396845
353,60.37906369620495
354,56.32110163090013
355,56.445412800129965
356,56.757621375397775
357,54.1638608996867
358,56.94405199191903
359,56.990688371984106
360,59.24071659668702
361,59.44691429821467
362,58.10754177817254
363,60.01369674822861
364,58.87992996760253
365,58.21863577679489
366,58.621856336596444
367,57.9686930128372
368,57.61030097193311
369,57.91453292621207
370,56.24397733705999
371,59.11088341063259
372,56.61375277814084
373,60.33326252814728
374,58.20108283967811
375,58.848989963300184
376,59.78767355256191
377,60.13662893012586
378,55.7587531827331
379,58.53619264767206
380,60.76035782416157
381,55.65378836113549
382,59.874560950790126
383,54.63887154119563
384,57.154986312728795
385,59.32726110368038
386,55.98656979535609
387,57.3789785246317
388,56.456329985072834
389,62.74626986441512
390,59.82845551097467
391,60.68458055570534
392,59.15464979896969
393,58.94313650248561
394,56.46705162269794
395,59.166325274504274
396,58.27701557637675
397,61.565847848584674
398,62.182203733315156
399,62.883157431148355
400,61.705103878922465
401,58.852692126154025
402,57.868206028079214
403,61.68332636329018
404,60.912585634944584
405,56.71292309864594
406,61.01096358548754
407,61.979039644975735
408,60.517851178363266
409,60.07989265798132
410,58.88470302476729
411,57.656930600873224
412,62.20059589868006
413,60.03177111045659
414,60.233066676912614
415,64.21544237383827
416,62.16900221371838
417,61.591650002562204
418,61.18412361037448
419,63.98998972153155
420,64.43917861483239
421,62.909010222959054
422,62.26444918279585
423,56.96079385758772
424,61.447443828467016
425,60.989786091612594
426,61.487906458771135
427,63.23609217464504
428,55.920645665620896
429,60.31137589305963
430,62.03980870988152
431,60.61630890789447
432,58.76618777374748
433,63.3879269737936
434,62.25374381169226
435,59.80779085911103
436,62.42963440903164
437,63.49317142409959
438,61.910585292598725
439,63.551129606862
440,62.15652035032332
441,61.259542034691286
442,59.78115896720018
443,61.97813846605678
444,62.58858587609155
445,64.00166552317467
446,62.06978506302554
447,63.26483121244198
448,60.47077597253255
449,60.88474168834495
450,62.279221401946224
451,60.44074307202997
452,64.24049567464937
453,63.57626065863722
454,63.25819152878491
455,63.42780825043189
456,66.84208712296959
457,61.91227162406641
458,58.49711742899889
459,63.348600393792935
460,62.898792918076666
461,62.01496191497919
462,61.142340281282465
463,62.27162095639571
464,63.562676858435644
465,62.244366598714926
466,68.1249073590875
467,61.42899123673371
468,61.81376527458466
469,58.872759919970946
470,64.00296883004307
471,59.517186744400476
472,62.521090733251
473,63.09865893087889
474,62.28054406830623
475,67.22774535490902
476,65.788788782631
477,66.48827375260315
478,62.13516236290017
479,66.20718812902913
480,64.99200189268792
481,65.59281189735368
482,66.15887765756553
483,62.3324735080819
484,63.3513647580442
485,65.9751920226569
486,58.98876181405013
487,67.3766561651464
488,65.50626412841517
489,64.35859207867954
490,64.94101531151435
491,62.490129433382045
492,63.900113270821784
493,66.85056867644076
494,67.29604394465244
495,70.14244810512716
496,64.65215066743917
497,63.532894066389986
498,63.871532068120025
499,62.91391624942527
500,64.8442904881183
501,65.81546486002453
502,65.03151543893608
503,67.3426936913316
504,64.73156839731092
505,64.55509869500287
506,64.13746304627935
507,62.08473094753101
508,62.2644645513831
509,63.09168413872463
510,68.10285614332952
511,67.34052054577985
512,68.34992813278598
513,62.985576690811
514,61.762750620427965
515,64.42988735973184
516,66.15163790659206
517,66.84738054981965
518,67.99594431193611
519,66.51855934161443
520,69.48533756131127
521,65.60478863810336
522,64.2738415639164
523,62.78756356901114
524,64.4220572838091
525,66.73423592197025
526,64.52255948529273
527,68.22348492707052
528,69.2246554120749
529,61.71082618954679
530,68.2281046009953
531,62.070791882676524
532,67.40299811018058
533,69.09974112838732
534,66.82971221268716
535,64.19062165359152
536,65.62913759144445
537,66.3267091085782
538,66.53551043242012
539,66.54420631846666
540,66.78023444138137
541,67.47696009782034
542,64.68285269253356
543,66.66596034025957
544,70.23652234071142
545,66.48070915371497
546,66.4123278136896
547,69.50639460742848
548,62.281630667311816
549,69.81275720257658
550,66.23619248398967
551,67.87785714490516
552,67.79264271184239
553,69.53493623844079
554,67.16481050752931
555,66.3939484368711
556,70.39569158130219
557,63.12165236571764
558,67.9406683634105
559,65.25414915474177
560,66.47685322348688
561,72.07251336292627
562,68.01080914708828
563,68.54013939430277
564,64.63687428858881
565,66.7919106824106
566,68.69311480145757
567,69.05951538622644
568,69.63377310878656
569,68.46725579783515
570,69.55400841690933
571,69.45756382527136
572,64.94051917799094
573,68.7240114438203
574,70.23580481546541
575,69.92975964146903
576,68.07228238005841
577,67.23874698492126
578,66.66337615135674
579,68.68789197691717
580,71.26615975911945
581,65.1463917970368
582,67.780216540541
583,66.87039508914646
584,70.769915042481
585,68.1413807468574
586,68.35872468369041
587,68.91610086012669
588,70.2907865017896
589,68.66522200370073
590,63.407713890400146
591,70.63662378277503
592,70.47808591534408
593,69.21091794333758
594,67.53192675865614
595,70.45356022136272
596,70.55847106707117
597,68.90993423459824
598,69.46653705884893
599,68.08968699495136
600,69.64282181582534
601,66.94914130983304
602,70.93463764206366
603,68.26126301835141
604,70.67620629566463
605,67.43807416746421
606,69.11988470826091
607,70.12902118986814
608,67.07860037626148
609,70.6802957462802
610,69.74170487424016
611,67.06528760438154
612,67.99351449177536
613,71.86024016816434
614,72.49111197110265
615,70.48618272044007
616,71.60952362408099
617,71.29768712662582
618,71.55924596425548
619,73.52196801416059
620,67.98600320357146
621,72.40292146472325
622,70.33598208884436
623,70.70148213149673
624,70.59550053908987
625,70.49970576667744
626,68.84760761643396
627,71.7166783985152
628,74.74188606557772
629,71.3377339591025
630,71.49722991452981
631,70.17540192568667
632,71.36505090716378
633,72.58233285206806
634,70.95951511859131
635,70.842391917896
636,72.6065290803265
637,70.01399046036191
638,72.40499325415375
639,73.59064359452285
640,74.71989708335897
641,71.86923598544612
642,74.83519447961342
643,74.21881977296304
644,70.20757471925788
645,69.81412297681369
646,71.69007272429117
647,74.4078709851897
648,72.25542598487999
649,71.24868488468442
650,75.60448636009713
651,73.1238089760067
652,67.95881144841852
653,73.28432125258539
654,73.74008122914174
655,73.2012173089422
656,73.699424200464
657,72.71544878215403
658,70.26320826071054
659,72.2085919935591
660,71.10876840888741
661,71.18451817841125
662,70.57386330179544
663,74.0549781852793
664,73.39579229082526
665,72.35366927463858
666,72.00132414453924
667,73.3031537899571
668,75.55838945622499
669,69.44156856900217
670,74.25375304170178
671,72.45857605196444
672,69.8308283100411
673,69.7585938336721
674,71.87443301172942
675,74.18901911158609
676,74.58612586796019
677,71.97203685464443
678,75.9340419828265
679,76.79596699303221
680,74.79217316991313
681,72.86719466438379
682,76.34883836902073
683,75.66079139132668
684,75.93481482270984
685,72.93707265005693
686,68.6308909894506
687,78.58358204296735
688,71.17824319310014
689,74.37846385627957
690,79.2614907024395
691,75.21115351254876
692,76.49849294711646
693,71.64520686123657
694,71.1446660905326
695,73.6845944160409
696,76.98149946886902
697,74.15750110470537
698,73.310727357857
699,75.34593457988994
700,77.16387043695453
701,72.16011960185327
702,72.67891401175329
703,73.57266149098128
704,77.38927674942418
705,75.71964305189746
706,79.5643068211409
707,77.22289145166222
708,75.32980964626067
709,77.98015567617753
710,75.92299402546375
711,74.14015729498512
712,76.9599496884902
713,74.25734669227784
714,75.11920579839227
715,78.40556539191597
716,75.5974370275652
717,74.24371722531674
718,74.97132461712903
719,77.99358117117735
720,74.89491865316654
721,75.27625830629871
722,75.07941452073274
723,76.51785098868062
724,75.42902047924879
725,73.04632790205493
726,74.52563811630993
727,74.48442191698712
728,78.88663876891032
729,78.07534808421809
730,77.67451875879965
731,75.53928336547119
732,74.96841691601205
733,75.6349647966853
734,74.59623979489666
735,81.74440078317402
736,72.30935670325721
737,77.97801707014762
738,74.33089540401495
739,76.74131301701061
740,75.02399611501254
741,74.69474207503475
742,74.81960739813007
743,80.65997230748413
744,76.93402315538081
745,75.71859561104382
746,78.41157392816575
747,77.37069862913259
748,78.84006751868331
749,73.80148668812434
750,78.107207808924
751,79.09538967420478
752,74.27680341777086
753,78.54639056884663
754,81.09236314565632
755,77.7202845932906
756,79.44281187404964
757,79.19114090062182
758,76.48498860497885
759,78.02953346917299
760,74.8660105782768
761,77.14739392579496
762,78.63137594993246
763,79.5962009874756
764,78.24922425049583
765,79.68996746028633
766,76.09418757408928
767,78.14660545089025
768,78.43855876902616
769,82.14918249335928
770,78.07166668759983
771,77.55196672401165
772,78.64270244768709
773,76.81177311026012
774,79.08550769813044
775,78.01988956690748
776,75.21734490391765
777,78.73282689773227
778,78.26491381213961
779,75.68515339586403
780,78.86573169077096
781,82.02871192414898
782,80.14260749655142
783,80.37385438546232
784,76.51700654883392
785,80.20379673784444
786,79.59689916276017
787,80.40809047666886
788,80.24525724341765
789,76.73043854899238
790,79.41719837688406
791,78.03425827914968
792,79.49983181143035
793,77.85519814619634
794,82.324940734282
795,78.03205522311131
796,78.00211568706894
797,79.9991728130871
798,77.74580186119202
799,79.10067339513427
800,78.34007080492408
801,82.87234412777923
802,81.67160765366233
803,80.03506096306921
804,79.41756589565198
805,82.13183522915023
806,81.11040816064579
807,81.34610480936571
808,80.34761552531151
809,77.07353994445714
810,80.27506803488089
811,79.48502016158187
812,81.89011054691974
813,82.67368486598838
814,79.38409791047766
815,81.6867704685541
816,84.27175799537144
817,79.51457455885888
818,84.26384348014628
819,79.24482830565871
820,81.0459195112159
821,81.02770877631633
822,81.12299779974012
823,79.47464391618412
824,80.01763379247114
825,79.9145594272812
826,81.95392519080893
827,82.01007022902061
828,85.85188866347653
829,84.19197801258224
830,80.48031351572304
831,82.19973923159239
832,83.59423596158351
833,81.71120364867704
834,81.56071684310614
835,81.85314988553978
836,83.53455325761686
837,80.15335895438953
838,81.24866106235966
839,82.89086628969297
840,82.62289414310831
841,82.52916551971279
842,81.36039766739239
843,84.09507157828509
844,86.46773649440908
845,83.06283098735241
846,81.91364659690034
847,83.86148057778908
848,81.32173472649403
849,80.9506193105942
850,82.56561749522743
851,77.38440673406012
852,80.29209927269598
853,81.95407628815832
854,79.99322228370458
855,80.68471379621575
856,81.926503325084
857,79.56406941293878
858,82.08785640748034
859,81.87945967093431
860,83.05081041677003
861,85.35836806098806
862,83.44500883298572
863,83.19212404268413
864,83.39890891406142
865,83.70478555024226
866,81.26652270278048
867,83.1204493504584
868,84.01750248367323
869,80.70848003491388
870,85.23130584563171
871,85.71275206891639
872,82.33724802310121
873,83.1673244170938
874,81.94361931437986
875,85.14876096717563
876,81.6775554251082
877,83.40504597951416
878,82.18216018438466
879,84.05190855402259
880,80.41154145702056
881,86.7029232847314
882,82.17078715158746
883,84.26978936623256
884,83.77495391045939
885,82.725770976155
886,82.52443972672815
887,86.22279708710491
888,83.34871881379613
889,84.99234036927463
890,82.89700622921126
891,83.25563713630449
892,85.54449430017569
893,86.51081699222223
894,84.34936719534596
895,81.90616025671913
896,88.79591215950002
897,83.13690138353158
898,81.81682520065642
899,90.13884917553631
900,84.19193541229812
901,82.1265346234772
902,83.73312046642263
903,85.88508979204454
904,85.58062311518788
905,83.54654160549282
906,88.94544720025593
907,84.30684064401325
908,83.0306268191769
909,87.37138679692133
910,88.15812569307937
911,83.91501380476755
912,82.79730541392138
913,87.71087653483121
914,81.60535277388408
915,83.29675668120677
916,87.73489230010048
917,85.73929490395521
918,85.37212530281462
919,86.65563321298876
920,85.69445115290918
921,83.45262655567383
922,88.65215069201237
923,88.80002810577363
924,86.61066512755592
925,86.34026803086402
926,90.97924961204012
927,85.79713430996831
928,85.88084603633193
929,87.17896249848101
930,89.44264391228468
931,89.73554150883498
932,86.08285473664645
933,87.2666624919187
934,83.94383306587184
935,86.12604778416757
936,85.1194192090414
937,84.83633649540202
938,90.26315343253466
939,85.36542667638771
940,85.93678818397709
941,87.78169757583373
942,89.69565053394716
943,88.11223025277768
944,92.71871022804316
945,87.1006640434977
946,87.8174328804595
947,87.90120134796811
948,90.27009877357831
949,88.46447790221923
950,87.2675405992257
951,85.65502281018625
952,88.08888691192325
953,90.45268966258392
954,86.87923641268426
955,88.80788723683317
956,88.2922955773697
957,89.57703931676262
958,86.29049251872426
959,92.64329406105313
960,85.44167778594348
961,87.31889782002794
962,89.97618508181128
963,88.74346634498824
964,89.8599723181622
965,87.25779533203487
966,88.15039003463933
967,88.37446396727763
968,91.53851922907181
969,89.8308580487661
970,90.09334421672935
971,87.23414781492642
972,90.5377652771261
973,89.10116332713761
974,91.47829063135586
975,92.77812030983694
976,88.186468447946
977,88.03739373910987
978,87.17191001779527
979,88.66284097656737
980,88.23594910209923
981,89.76900879914203
982,88.81086636613253
983,88.42680143843677
984,91.32917027225571
985,87.3742395376971
986,90.1662159063027
987,88.53811654562303
988,90.84873700973993
989,92.22052309344447
990,88.89380349315185
991,90.43206581454632
992,89.95758573146635
993,88.05115520091381
994,90.18157501948387
995,90.32824101055762
996,90.62574164089236
997,89.4532022063599
998,90.0883846006203
999,87.65477811031373
1000,89.28377184904029
